First Name,Last Name,Email,Email Status,Company,Title,LinkedIn URL,Mobile,Direct Phone,Main Line,Row Class,Buying Component,Joined Record IDs,Joined Record URLs,Why This Call,Provenance Class,Retrieved At,Pass,Spec ID
Alec,Sichko,asichko@fbi.gov,extrapolated,Federal Bureau of Investigation,Cybersecurity Program Manager,https://www.linkedin.com/in/alec-s-89014666,+1 614-578-2948,,+1 202-324-3000,displacement,Federal Bureau of Investigation,15F06725F0001715 15F06725F0001351,https://www.usaspending.gov/award/CONT_AWD_15F06725F0001715_1549_15F06721A0003762_1549 https://www.usaspending.gov/award/CONT_AWD_15F06725F0001351_1549_NNG15SD09B_8000,"Federal Bureau of Investigation carries current rival paper closing 31 JUL 2026, which is the displacement window.",apollo,2026-08-06,,t2-01-federal-bureau-of-investigation
Diana,Summers,dsummers@fbi.gov,verified,Federal Bureau of Investigation,Program Manager,https://www.linkedin.com/in/dlsummers1,+1 256-640-5237,,+1 202-324-3000,displacement,Federal Bureau of Investigation,15F06725F0001715 15F06725F0001351,https://www.usaspending.gov/award/CONT_AWD_15F06725F0001715_1549_15F06721A0003762_1549 https://www.usaspending.gov/award/CONT_AWD_15F06725F0001351_1549_NNG15SD09B_8000,"Federal Bureau of Investigation carries current rival paper closing 31 JUL 2026, which is the displacement window.",apollo,2026-08-06,,t2-01-federal-bureau-of-investigation
Geoff,Swanstrom,gaswanstrom@fbi.gov,verified,Federal Bureau of Investigation,Chief Technology Officer,https://www.linkedin.com/in/geoffswanstrom,+1 919-260-4181,,+1 202-324-3000,displacement,Federal Bureau of Investigation,15F06725F0001715 15F06725F0001351,https://www.usaspending.gov/award/CONT_AWD_15F06725F0001715_1549_15F06721A0003762_1549 https://www.usaspending.gov/award/CONT_AWD_15F06725F0001351_1549_NNG15SD09B_8000,"Federal Bureau of Investigation carries current rival paper closing 31 JUL 2026, which is the displacement window.",apollo,2026-08-06,,t2-01-federal-bureau-of-investigation
Kristi,Naternicola,kanaternicola@fbi.gov,verified,Federal Bureau of Investigation,Program Manager,https://www.linkedin.com/in/kristi-naternicola-348ba3b9,+1 304-777-6444,,+1 202-324-3000,displacement,Federal Bureau of Investigation,15F06725F0001715 15F06725F0001351,https://www.usaspending.gov/award/CONT_AWD_15F06725F0001715_1549_15F06721A0003762_1549 https://www.usaspending.gov/award/CONT_AWD_15F06725F0001351_1549_NNG15SD09B_8000,"Federal Bureau of Investigation carries current rival paper closing 31 JUL 2026, which is the displacement window.",apollo,2026-08-06,,t2-01-federal-bureau-of-investigation
Brian,McCormick,bwmccormick@fbi.gov,verified,Federal Bureau of Investigation,Supervisory Contracting Officer,https://www.linkedin.com/in/brian-mccormick-dbia-98298a7a,+1 256-658-4956,,+1 202-324-3000,displacement,Federal Bureau of Investigation,15F06725F0001715 15F06725F0001351,https://www.usaspending.gov/award/CONT_AWD_15F06725F0001715_1549_15F06721A0003762_1549 https://www.usaspending.gov/award/CONT_AWD_15F06725F0001351_1549_NNG15SD09B_8000,"Federal Bureau of Investigation carries current rival paper closing 31 JUL 2026, which is the displacement window.",apollo,2026-08-06,,t2-01-federal-bureau-of-investigation
Daryl,Slate,dslate@fbi.gov,extrapolated,Federal Bureau of Investigation,Senior Contract Specialist,https://www.linkedin.com/in/daryl-slate-mba-a40a78126,+1 423-298-3193,,+1 202-324-3000,displacement,Federal Bureau of Investigation,15F06725F0001715 15F06725F0001351,https://www.usaspending.gov/award/CONT_AWD_15F06725F0001715_1549_15F06721A0003762_1549 https://www.usaspending.gov/award/CONT_AWD_15F06725F0001351_1549_NNG15SD09B_8000,"Federal Bureau of Investigation carries current rival paper closing 31 JUL 2026, which is the displacement window.",apollo,2026-08-06,,t2-01-federal-bureau-of-investigation
Gosia,Thompson,gthompson2@fbi.gov,verified,Federal Bureau of Investigation,Chief/ Contracting Officer,https://www.linkedin.com/in/gosia-thompson-2975799,,,+1 202-324-3000,displacement,Federal Bureau of Investigation,15F06725F0001715 15F06725F0001351,https://www.usaspending.gov/award/CONT_AWD_15F06725F0001715_1549_15F06721A0003762_1549 https://www.usaspending.gov/award/CONT_AWD_15F06725F0001351_1549_NNG15SD09B_8000,"Federal Bureau of Investigation carries current rival paper closing 31 JUL 2026, which is the displacement window.",apollo,2026-08-06,,t2-01-federal-bureau-of-investigation
Eric,Markow,eric.markow@irs.gov,verified,Internal Revenue Service,"Acting Deputy CIO, Strategy & Modernization",https://www.linkedin.com/in/eric-markow-493b42328,+1 202-751-1633,,+1 202-317-8938,displacement,Internal Revenue Service,205AE926F00080 2032H523F00438,https://www.usaspending.gov/award/CONT_AWD_205AE926F00080_2050_2032H523D00007_2050 https://www.usaspending.gov/award/CONT_AWD_2032H523F00438_2050_NNG15SC71B_8000,"Internal Revenue Service carries current rival paper closing 31 JUL 2026, which is the displacement window.",apollo,2026-08-06,,t2-02-internal-revenue-service
Kaschit,Pandya,kaschit.pandya@irs.gov,verified,Internal Revenue Service,Chief Information Officer,https://www.linkedin.com/in/kaschitp,+1 304-616-1818,,+1 202-317-8938,displacement,Internal Revenue Service,205AE926F00080 2032H523F00438,https://www.usaspending.gov/award/CONT_AWD_205AE926F00080_2050_2032H523D00007_2050 https://www.usaspending.gov/award/CONT_AWD_2032H523F00438_2050_NNG15SC71B_8000,"Internal Revenue Service carries current rival paper closing 31 JUL 2026, which is the displacement window.",apollo,2026-08-06,,t2-02-internal-revenue-service
Ashley,Crockett,crockett.ashley@irs.gov,extrapolated,Internal Revenue Service,Sr. Contracting Officer,https://www.linkedin.com/in/ashley-walsh-crockett-bb375314,+1 760-805-5683,+1 760-576-4550,+1 202-317-8938,displacement,Internal Revenue Service,205AE926F00080 2032H523F00438,https://www.usaspending.gov/award/CONT_AWD_205AE926F00080_2050_2032H523D00007_2050 https://www.usaspending.gov/award/CONT_AWD_2032H523F00438_2050_NNG15SC71B_8000,"Internal Revenue Service carries current rival paper closing 31 JUL 2026, which is the displacement window.",apollo,2026-08-06,,t2-02-internal-revenue-service
Melvin,Rice,melvin.ricejr@irs.gov,verified,Internal Revenue Service,Supervisory Contracting Officer,https://www.linkedin.com/in/melvinricejr,+1 443-938-5139,,+1 202-317-8938,displacement,Internal Revenue Service,205AE926F00080 2032H523F00438,https://www.usaspending.gov/award/CONT_AWD_205AE926F00080_2050_2032H523D00007_2050 https://www.usaspending.gov/award/CONT_AWD_2032H523F00438_2050_NNG15SC71B_8000,"Internal Revenue Service carries current rival paper closing 31 JUL 2026, which is the displacement window.",apollo,2026-08-06,,t2-02-internal-revenue-service
